{
  "name": "SimpleContent",
  "version": "0.0.1",
  "scriptFileList_inject_early": [],
  "scriptFileList_earlyload": [],
  "scriptFileList_preload": [],
  "styleFileList": [],
  "scriptFileList": [
    "newNPC.js",
    "test.js"
  ],
  "tweeFileList": [
    "test.twee",
    "eventTest.twee"
  ],
  "imgFileList": [],
  "additionFile": [],
  "addonPlugin": [
    {
      "modName": "TweeReplacer",
      "addonName": "TweeReplacerAddon",
      "modVersion": "1.0.0",
      "params": []
    }
  ],
  "SFPlugin": {
    "addWidget": {
      "iModHeader": [
        {
          "widget": "aSimpleTest"
        }
      ],
      "ModMenuSmall": [
        {
          "widget": "testButton"
        }
      ],
      "iModOptions": [
        {
          "widget": "myOptionsA"
        },
        {
          "widget": "myOptionsB"
        },
        {
          "widget": "myOptionsC"
        }
      ],
      "ModCaptionDescription": [
        {
          "widget": "TestCaption"
        }
      ],
      "ModCaptionAfterDescription": [
        {
          "widget": "TestCaptionAfter"
        }
      ],
      "iModReady": [
        {
          "widget": "newMoney"
        }
      ]
    },
    "defaultVariables": {
      "test": "just a test"
    }
  },
  "dependenceInfo": [
    {
      "modName": "TweeReplacer",
      "version": "^1.0.0"
    },
    {
      "modName": "ReplacePatcher",
      "version": "^1.0.0"
    },
    {
      "modName": "Simple Frameworks",
      "version": ">=1.0.0"
    }
  ]
}