{
    "name": "Simple Frameworks",
    "version": "2.0.2",
    "scriptFileList_inject_early": [
        "Main/0_lib/jquery-ui.min.js",
        "Main/0_lib/selectcase.js",
        "Main/0_lib/util.js",
        "Main/0_Simplewidget.js",
        "Modules/00_iModManager.js",
        "Modules/00_SceneData.js",
        "Modules/00_SceneSystem.js",
        "Modules/00_SeriesData.js",
        "Modules/01_iEventMain.js",
        "Modules/02_iEventHandler.js",
        "Modules/03_iEventUtils.js",
        "Modules/04_ActionHandler.js",
        "Modules/applyZone.js",
        "Modules/customUI.js",
        "Modules/domTool.js",
        "Modules/language.js",
        "Modules/NameNPC.js"
    ],
    "scriptFileList_earlyload": [
        "MLPatch/patchpassage.js"
    ],
    "scriptFileList_preload": [],
    "styleFileList": [
        "css/general.css",
        "css/jquery-ui.css"
    ],
    "scriptFileList": [
        "SC2Files/0_loadconfig.js",
        "SC2Files/1_macromodif.js",
        "SC2Files/2_sugarcubeconfig.js",
        "SC2Files/eventmacros.js",
        "SC2Files/NpcHookerHandle.js",
        "SC2Files/SimpleContents.js",
        "SC2Files/SimpleMacro.js",
        "SC2Files/TimeHandle.js",
        "SC2Files/z_globalProcess.js",
        "SC2Files/zz_SFE_globalProcess.js"
    ],
    "tweeFileList": [
        "Twees/EventLoop.twee"
    ],
    "imgFileList": [
        "images/ui-bg_glass_20_555555_1x400.png",
        "images/ui-bg_glass_40_0078a3_1x400.png",
        "images/ui-bg_glass_40_ffc73d_1x400.png",
        "images/ui-bg_gloss-wave_25_333333_500x100.png",
        "images/ui-bg_highlight-soft_80_eeeeee_1x100.png",
        "images/ui-bg_inset-soft_25_000000_1x100.png",
        "images/ui-bg_inset-soft_30_f58400_1x100.png",
        "images/ui-icons_222222_256x240.png",
        "images/ui-icons_4b8e0b_256x240.png",
        "images/ui-icons_a83300_256x240.png",
        "images/ui-icons_cccccc_256x240.png",
        "images/ui-icons_ffffff_256x240.png"
    ],
    "additionFile": [],
    "addonPlugin": [
        {
            "modName": "TweeReplacer",
            "addonName": "TweeReplacerAddon",
            "modVersion": "1.0.0",
            "params": []
        }
    ],
    "dependenceInfo": [
        {
            "modName": "TweeReplacer",
            "version": "^1.0.0"
        },
        {
            "modName": "ReplacePatcher",
            "version": "^1.0.0"
        }
    ],
    "build": 40,
    "lastUpdate": "2024.12.26"
}