{
    "name": "Simple Frameworks",
    "version": "2.0.0",
    "scriptFileList_inject_early": [
        "Main/0_lib/selectcase.js",
        "Main/0_lib/util.js",
        "Main/0_Simplewidget.js",
        "Modules/00_iModManager.js",
        "Modules/00_SceneData.js",
        "Modules/00_SceneSystem.js",
        "Modules/00_SeriesData.js",
        "Modules/01_iEventMain.js",
        "Modules/02_iEventHandler.js",
        "Modules/ActionData.js",
        "Modules/applyZone.js",
        "Modules/customUI.js",
        "Modules/domTool.js",
        "Modules/EventChecker.js",
        "Modules/language.js",
        "Modules/NameNPC.js"
    ],
    "scriptFileList_earlyload": [
        "MLPatch/patchpassage.js"
    ],
    "scriptFileList_preload": [],
    "styleFileList": [
        "css/general.css"
    ],
    "scriptFileList": [
        "SC2Files/0_loadconfig.js",
        "SC2Files/1_macromodif.js",
        "SC2Files/2_sugarcubeconfig.js",
        "SC2Files/eventmacros.js",
        "SC2Files/NpcHookerHandle.js",
        "SC2Files/SimpleContents.js",
        "SC2Files/SimpleMacro.js",
        "SC2Files/TimeHandle.js",
        "SC2Files/z_globalProcess.js",
        "SC2Files/zz_SFE_globalProcess.js"
    ],
    "tweeFileList": [],
    "imgFileList": [],
    "additionFile": [],
    "addonPlugin": [
        {
            "modName": "TweeReplacer",
            "addonName": "TweeReplacerAddon",
            "modVersion": "1.0.0",
            "params": []
        }
    ],
    "dependenceInfo": [
        {
            "modName": "TweeReplacer",
            "version": "^1.0.0"
        },
        {
            "modName": "ReplacePatcher",
            "version": "^1.0.0"
        }
    ],
    "build": 16,
    "lastUpdate": "2024.12.14"
}