{
  "name": "Simple Event Handle",
  "version": "0.1.0",
  "modPacker": {
    "modScriptFolder": {
      "scriptFileList_inject_early": [
        "Modules/**/*.js"
      ],
      "scriptFileList": [
        "SC2/**/*.js"
      ]
    }
  },
  "scriptFileList_inject_early": [
    "Modules/0_iEventMain.js",
    "Modules/1_iEventHandler.js",
    "Modules/ActionData.js",
    "Modules/EventChecker.js",
    "Modules/SceneData.js",
    "Modules/SceneSystem.js",
    "Modules/SeriesData.js"
  ],
  "scriptFileList_earlyload": [],
  "scriptFileList_preload": [],
  "styleFileList": [],
  "scriptFileList": [
    "SC2/SFEsetup.js"
  ],
  "tweeFileList": [],
  "imgFileList": [],
  "additionFile": [],
  "addonPlugin": [
    {
      "modName": "TweeReplacer",
      "addonName": "TweeReplacerAddon",
      "modVersion": "1.0.0",
      "params": []
    }
  ],
  "dependenceInfo": [
    {
      "modName": "TweeReplacer",
      "version": "^1.0.0"
    },
    {
      "modName": "Simple Frameworks",
      "version": "^1.15.4"
    }
  ],
  "build": "6"
}