{
  "name": "Simple Inventory",
  "version": "0.1.0",
  "modPacker": {
    "modScriptFolder": {
      "scriptFileList_inject_early": [
        "modules/**/*.js"
      ],
      "scriptFileList": [
        "SC2/**/*.js"
      ]
    }
  },
  "scriptFileList_inject_early": [
    "modules/0SFStorage.js",
    "modules/InvUI.js",
    "modules/InvUtil.js",
    "modules/SFInvMain.js",
    "modules/SFItem.js"
  ],
  "scriptFileList_earlyload": [],
  "scriptFileList_preload": [],
  "styleFileList": [],
  "scriptFileList": [
    "SC2/SFInvSetup.js"
  ],
  "tweeFileList": [],
  "imgFileList": [],
  "additionFile": [],
  "addonPlugin": [
    {
      "modName": "TweeReplacer",
      "addonName": "TweeReplacerAddon",
      "modVersion": "1.0.0",
      "params": []
    }
  ],
  "dependenceInfo": [
    {
      "modName": "TweeReplacer",
      "version": "^1.0.0"
    },
    {
      "modName": "Simple Frameworks",
      "version": "^1.15.4"
    }
  ],
  "build": "4"
}